,gene name,Python_coef,Python_intercept,Python_phi,NLL
0,ZRANB2,0.04827331989467347,4.217562828252773,0.16574523925781273,930.8548972408338
1,ZNF839,0.9394606357653826,1.8191747299315104,0.9999999237060546,68.86096282417861
2,ZNF80,1.15656278295259,2.6478374832835074,0.6574196636199972,50.943426618159286
3,ZNF692,-0.6239970388893121,5.638324385530279,0.000156250000000194,73.38606486504995
4,ZNF609,-0.49622231437736614,2.463874499548039,0.9999999618530273,53.469442108571116
5,ZNF532,-0.43002018703158773,0.38642160314736723,0.6622378540039082,297.3715545024954
6,ZNF420,-0.21147265072298982,4.361525714669738,0.47446916198730604,168.0111330979726
7,ZNF215,0.42313800183857886,1.6568587588598973,0.4111711114883434,106.82784991458507
8,ZNF106,-0.861854114318011,5.2536938722044955,0.359523681640626,296.27308443571866
9,ZFP30,-0.3008156269322174,3.606839265580535,0.6141889343261736,111.22317032388297
10,ZFAND6,0.09979759169294958,3.5621510547791475,0.3089786903181493,1452.5020961386313
11,ZFAND2B,-0.10239717644385449,4.134607906160211,0.358379003226758,602.1389544756543
12,ZEB2,0.29965870036449344,1.5863992212672708,0.270478598785401,2312.583161421371
13,ZDHHC2,0.7600351092970377,2.295433671100318,0.9999999237060546,99.84065503160642
14,ZC3H4,0.6066517004726242,2.8378442644191413,0.5777293167114275,71.79558517874841
15,ZBTB7A,0.32880361783951495,0.046317456110669064,0.8338379669189481,718.9786250540224
16,ZBTB18,0.44181949998490827,0.3566701262768233,0.9999999618530273,58.958634622837266
17,YWHAZ,0.1698880932374526,5.085397130965795,0.03354377288818371,2845.845103320393
18,YIF1B,-0.04774450953743935,3.0349533599077345,0.37873939726352795,1501.4949066849429
19,WHRN,0.5731795027476982,1.4327483269044634,0.3173044433593758,442.1624930767577
20,WDR81,0.7686238716998859,1.5040995758984108,0.9999999618530273,87.77678176078568
21,WDR66,0.0312114451761107,3.0445505700624294,0.000156250000000194,15.670464771303331
22,WDR45B,-1.8323920095742896,7.57288301736356,0.6274314143210669,83.49699210127665
23,WDR34,0.05581149611232141,4.822586742933366,0.11181506347656252,176.37925081147444
24,VSIR,0.1850295066163735,6.65860036649532,0.12664838504791268,156.9692852690493
25,VSIG10,0.06688599756746375,1.8311756872939933,0.8507080526232746,225.81225901992337
26,VPS26B,-0.41637028770946627,5.436394630997058,0.4201994634568703,116.78747729030917
27,VPS13D,-1.333404674457366,5.225906928817138,0.4435538330078138,112.43773731150755
28,VNN2,-0.5341465521835218,1.6676976791345057,0.5463882071390764,2180.754419923732
29,VMP1,0.10332268720612084,2.014041836731656,0.23103973388671922,3003.1722719821173
30,VIPR1,-0.19220990167589377,1.8655713367172693,0.8142201309204129,169.1988492171804
31,VAT1,0.06930271803839148,4.47514591758271,0.2879364756345756,176.45392758600627
32,UXS1,0.4714486243859681,3.0859499362355276,0.9999999904632568,137.9538075203401
33,UTRN,-0.30807380668040074,4.185680743432262,0.6145064156651516,692.5865830125656
34,USP7,1.4603700706553981,-1.386275755290399,0.10750000000000001,21.198463238961278
35,USP22,0.026925106548223294,4.695541551679172,0.3555595439672479,304.8887896425609
36,UNC45A,-0.9984294105416367,5.519772169733357,0.5862293395996112,256.16687193684373
37,UBE4B,0.4798690204718232,3.2183803037780248,0.7353982252359413,280.06351732519096
38,UBC,-0.6135233587259799,8.294691912962397,0.019227218627929803,673.0004182871162
39,TXNL1,-0.060901049658441286,4.757476878714149,0.15589455521106738,793.5159750182146
40,TUBA1C,0.2566764907887102,4.212272739680458,0.40802196866955964,917.5714575735516
41,TTYH3,0.38712485133283403,1.9924486308400227,0.9999998474121093,26.29550597427423
42,TTLL12,0.09900545281247575,4.344151361685525,0.601969070434572,65.7313232928803
43,TSPAN4,-1.0970345829897412,1.811876088843658,0.4828361189985266,574.2549429801757
44,TSPAN3,1.0136727277223658,4.069957491791725,0.07360034179687505,872.3905597543138
45,TSN,-0.11003926272381437,6.093267058943954,0.12501947021484383,116.71075935081278
46,TSC22D1-AS1,-1.5739117335132367,1.673983310687977,0.9999999618530273,35.96295064379529
47,TSC22D1,-0.9868992719766543,2.686068429957209,0.8770331555306938,679.2728784906694
48,TRPV3,0.826674506993264,1.8123714949149945,0.9999999618530273,63.53264981197998
49,TRIM41,0.2927655572999143,3.2531171932527663,0.3240598860740671,336.4071541627327
50,TRIM36,1.7578743031343778,0.10535949872647649,0.9999999618530273,39.577158257429204
51,TRIM34,0.25548480990824407,1.675652195392301,0.22460937500000044,1347.1160981635353
52,TRIM16L,-0.22805723249657162,3.6375757698058693,0.9999999237060546,27.00464405008404
53,TRABD2A,-0.03714747708062742,3.0962453286200873,0.5935181932523865,223.07159006293216
54,TPRG1,-3.1648185148203725,3.9120406441648905,0.9999999618530273,22.50432155887945
55,TPRA1,-0.1285636716523908,2.6716235818676326,0.5043839721679703,946.1924693169659
56,TPM1,0.0353806332974947,3.8014095018418246,0.6688647384643575,129.41607840502533
57,TPI1,0.5128305262799966,5.13573358887167,0.01237316894531262,1955.833455138274
58,TNS4,-3.52322865520245,5.081366853254657,0.9999999952316284,80.47244605763011
59,TNPO2,-0.5745951778757916,1.0900448854847367,0.7417823181152368,434.1295320275695
60,TNPO1,-0.0017093225618285638,1.1560892343139413,0.2514263000488286,2809.60954473723
61,TMEM94,-0.16379191533867837,5.771409243074416,0.9999999237060546,19.99193969628557
62,TMEM43,-0.8956251716446206,6.254575564528048,0.30594731690883714,131.57106841127114
63,TMEM202-AS1,0.5775620770533969,0.33427102366699024,0.8334938049316433,279.640196573297
64,TMEM176A,1.4555016060142583,6.0597641270206815,0.000156250000000194,18.8292259843997
65,TMCO1,0.0962965545370327,6.63871159334223,0.35489321470260715,155.48778689424765
66,TINAGL1,2.3350847911020414,0.4056443535639425,0.000156250000000194,6.767871474023171
67,TESPA1,-0.17984664704821796,3.2061112929989486,0.21448590087890665,1215.565118367458
68,TENT4B,-0.10766004439495788,1.8123890535382607,0.9999999809265137,118.79398143424416
69,TEAD2,-0.17396187435160734,1.4469392026536991,0.9999999809265137,87.69146276263484
70,TCF3,0.0392035038270528,0.4054633912522469,0.9999999809265137,63.00806758449509
71,TCEA2,0.42794495165364477,2.6160211290061683,0.8164121708326069,249.25766811188623
72,TBRG1,0.03646397803504518,4.59161385700776,0.11652246093750004,1167.029938746562
73,TBC1D1,-0.07604434945227069,1.7451999344298323,0.9999999904632568,138.66634465500323
74,TACC3,-0.1424536653098553,2.0621218151364804,0.9505708101004393,284.7951560009437
75,SYVN1,-0.24146755247140012,1.1149834509492842,0.24656099696159411,6988.247142281744
76,SYT17,-0.3483477665144627,1.160801528385808,0.5119560241699233,360.6326750581261
77,SYNE2,0.5062201258266041,1.6422361786559265,0.9999999237060546,38.83216341388521
78,SULT1A1,-0.2795353416878536,1.9541239885322796,0.8497558746337919,376.30542396791543
79,SUGCT,1.752894196623786,-0.9693749278175939,0.9999999952316284,96.91319258010707
80,SUCLA2,0.13871488755866762,0.37630225228921765,0.4045337677001965,3024.0273190176445
81,STARD13,0.5007845372268228,0.28767907401884474,0.9999999237060546,14.717738805334623
82,STAP2,-0.1431307815922579,0.9163099730709665,0.9999998474121093,20.225216474533383
83,STAM,0.14540825993965742,4.2774372217950924,0.09117871093750002,266.47457109372726
84,ST6GAL1,0.1536657276037901,0.6242303372463212,0.47753877832315544,5730.557629807855
85,SRGAP2C,-0.012568294848266374,1.5679360610791253,0.7843183593750027,586.0949802708939
86,SQSTM1,-0.13674859672683506,3.168038446304468,0.47757156372070453,349.77586299196355
87,SPON2,0.5686859084461419,0.9279764781486428,0.9999999952316284,74.78026174405996
88,SPNS3,0.537967402855277,4.465935598099669,0.000156250000000194,10.380594991984081
89,SPHK1,-0.30681078051544575,1.7269874923127657,0.36342155284881694,156.55433817717653
90,SPART,-1.2845245254565598,5.453845893359083,0.3915256805419932,124.00658498135074
91,SPAG4,0.8386615218047722,1.40311741985223,0.7848106180400316,677.276788158121
92,SOD2,0.13497346980132102,0.8378230611464892,0.4785303115800269,6691.821753916426
93,SNX8,0.039271809013568346,0.7259117529373843,0.9999999904632568,229.33207935239855
94,SNX1,-0.02644940996311993,3.2208978696941895,0.28915899016857216,1642.7968668132837
95,SMN2,0.19069481363465052,0.1541277626057201,0.9999999618530273,73.5818995504824
96,SMIM20,-0.26440263246697915,2.729133902754139,0.20721252441406285,2088.9003603823207
97,SMG8,0.1500443165885565,3.2795114634048157,0.000156250000000194,165.87967768635843
98,SMG6,-1.8106554140499784,3.9797164291481812,0.9999999618530273,61.564117997339196
99,SMCO4,-1.6935021265610457,4.075185817744391,0.3663576507568369,995.5847443887403
100,SMARCD3,-0.37299422976584695,3.9702803045205934,0.9999999618530273,48.321552556991094
101,SLC7A5,2.1498517904591496,4.429185772185163,0.05623236179351815,111.96099010280149
102,SLC29A1,-0.10129516086042994,0.06463257066858397,0.8115165100097683,792.7008125551152
103,SLC25A44,0.13309055439074488,3.5468834213769327,0.20054705810546908,225.81732867397534
104,SLC16A1,0.7798411702356088,4.301571326280399,0.000156250000000194,98.49864544091196
105,SKI,-0.1465749090538946,0.6931366891773304,0.08906250000000002,31.1719878755848
106,SIN3A,-0.01139513253715696,1.3879717874163533,0.35421530151367275,1784.1259422781209
107,SHISA8,-0.9050661733329809,1.7578305993305587,0.9999999618530273,67.25767989860134
108,SHC4,0.28771116007543396,1.0985901298090157,0.10250000000000001,7.25336481407963
109,SGK3,-0.3668191670442616,0.7263952442834007,0.6827204589843772,1691.7539000913644
110,SGK1,0.16386415872018606,3.228676570859998,0.19882239081167302,962.0273253201909
111,SFXN1,0.06509728161524826,3.5393095928212324,0.31058772277832103,1191.4197132842853
112,SFPQ,-0.06494637177075359,2.478963270205736,0.17063336181640654,3470.637590832568
113,SET,-0.11026585727704574,0.1588905343638683,0.26116818695068417,12664.200797943517
114,SESN3,-0.37092652742354537,4.979389271719091,0.11718773388862613,347.126358907881
115,SERPINB6,1.3264933647373356,5.709573498417715,0.000156250000000194,41.819712952426755
116,SERPINA1,0.793625261190477,3.6214489190480066,0.171893938342625,199.75170940057393
117,SEMA4D,-0.05141450838995165,0.4707143815951329,0.6118312276840228,3400.9620767697447
118,SEMA4A,-1.1475969725222452,2.7030129583171125,0.24686950683593803,666.1948506281578
119,SELL,-0.3880050386333377,2.136955060711389,0.5842282867431658,1153.4008372729118
120,SEC63,-0.09238972297303784,4.677093489160864,0.000156250000000194,378.0734997949554
121,SEC61G,0.02988197624850779,7.609859153940985,0.000156250000000194,158.2858017472702
122,SCRN3,0.5825057943667284,3.5688146004762507,0.24558233642578178,275.3717054694338
123,SCNN1A,0.6931575563707075,-0.6931426606670211,0.9999999237060546,4.682131303535346
124,SCFD1,-0.25868828550534995,4.3488470574753055,0.4590531795144094,339.6121586221245
125,S100A2,0.8947991160559227,0.213601913773877,0.9999999988079071,109.07549939371275
126,RTKN,-0.29822297788479335,2.1575706539890103,0.501524505615236,164.28006266988587
127,RRAS2,0.2266572091737516,3.809998535389694,0.27750042724609447,252.95825696438015
128,RPTOR,-0.06294147160412383,3.078431145293114,0.6071685180522519,314.51599363475634
129,RPS28,0.11761637255484088,11.58848018121702,0.00013291328430174764,80.84093093538587
130,RPRD1B,-0.786337284998082,2.940873886631496,0.7183288574218771,778.6630164949995
131,RPLP0,-0.24745246989016445,-2.2331526855161705,0.7703853225708033,453.48016595467334
132,RNF207,-1.1962453277814913,3.761187020333315,0.9999999237060546,32.33052165275277
133,RMI2,-0.10399314462452053,1.8433326714122278,0.930154067993167,321.97588626527715
134,RIMKLB,0.39002523981524684,5.278092008590839,0.000156250000000194,25.208044713346855
135,RILP,0.21965930655261898,2.198424843007845,0.6921013643831035,240.82437934702915
136,RHOF,-0.48159317612050034,6.176410683785333,0.13283611907958998,448.8526787748559
137,RGS3,-0.46288785527846765,1.2852316025316135,0.6860116078779122,2161.5006736770733
138,RGS14,0.01142767763482559,2.7924272788720383,0.31727252197265704,2171.042221691007
139,RGS10,-2.2041080217862294,4.283555461264314,0.9999999618530273,60.81272513381628
140,RGPD5,0.6946311787298192,1.9886151447695646,0.548633880615236,416.80616706671657
141,RGL1,2.105089500698733,-1.9298927654877822,0.9999999904632568,97.99337211773131
142,RFX2,0.16236488975356642,0.7341372118654415,0.8843569183349638,319.61321882955366
143,RFTN1,0.34087687507298103,4.737792906423995,0.34555908669212576,547.2215282491379
144,RFESD,0.050686448833581116,4.591753636622575,0.9999996948242187,45.026730848137916
145,RCCD1,-0.6274361583543066,4.271776981155938,0.19207414517402688,167.2051683154549
146,RBM39,0.05661504416891789,5.906924653466845,0.02949737548828138,908.7487409808848
147,RBM15,0.36577149697424965,4.1067364399620185,0.000156250000000194,183.44087676627913
148,RASSF5,-0.1713502260162907,4.703897275217759,0.11305700683593753,826.4071325990104
149,RALGPS1,-1.0635839580227338,4.099875706891771,0.000156250000000194,146.99987873585303
150,RAF1,-0.10996829477230945,4.546702005362791,0.33908462524414146,341.05155552782537
151,RABGAP1L,0.35765804956595676,1.473211763142011,0.47869743546545646,4449.34193805118
152,RAB40C,0.7935176571502391,2.3832939682635668,0.5934461593627947,83.0755974155855
153,PXK,-0.2707813297882713,4.6960931247632605,0.18420400667190584,485.71324830729634
154,PVT1,0.47801215203092584,2.7574742984873284,0.738996116638186,476.85370370171967
155,PVRIG,0.09974186272564975,1.343725405304498,0.9999998474121093,58.188704865006834
156,PTPRK,1.566095402919819,0.5067921724491753,0.9999999988079071,800.589904918618
157,PTP4A2,-0.13047461989581766,1.8101218157243155,0.9999999618530273,56.43328077046347
158,PTDSS2,0.03004158458973892,0.6225354422807245,0.9999999809265137,246.67022951032914
159,PTAFR,-0.5757582156310053,6.386882762943954,0.9999999618530273,34.63826672232014
160,PSMB9,-0.3638177031316308,7.402591143541155,0.06699086015671493,512.9001318409256
161,PRRX1,-0.2635857709422122,0.1548549884732522,0.24978543090820365,39.73281160036696
162,PRMT7,-0.8780273668198473,5.475451405848974,0.4718160552978529,129.66423305007794
163,PRKAR1B,0.14438568885643432,0.8735306766495177,0.6900107345581076,1037.9165761601591
164,PRICKLE2,2.8332154416901405,0.42489516836206254,0.9999999237060546,33.13355360654825
165,PRDM15,-0.9598551130624275,2.0448781824649966,0.9463212203979524,323.520920842074
166,PRCC,1.7633958363665856,-4.394479560594307,0.9999999237060546,38.39689168011189
167,PPP1R7,0.06832556507576457,2.7974652832818676,0.101953125,2613.0050371857333
168,PPP1R26-AS1,2.1690238369375114,-1.9458668638319678,0.10484375000000001,15.379469670023335
169,PPIE,-0.6307175426475826,6.612486195521678,0.000156250000000194,126.361317906176
170,POU2F2,0.3503102393616756,4.057540104653597,0.34943198701418887,1176.2647359646567
171,POLR3E,-0.5214883588032198,6.635912204522247,0.9999996948242187,28.983174314369933
172,POLR1A,0.3377042504995067,1.178662378069928,0.1,42.119889856975234
173,POLD4,-0.31528660225156135,6.229653186842164,0.018541259765625144,909.6603136760964
174,POFUT2,0.31098439129406735,4.2033373516292585,0.237529174804688,139.2469947039723
175,PMEL,-0.0025695077440695,-3.0680434866798327,0.9999999952316284,61.38704787597102
176,PLEKHA5,1.200819192744916,1.446018688518031,0.824324249267581,100.71415908324444
177,PLCXD1,0.295494039079539,1.386278164885496,0.9999999904632568,146.53229771895042
178,PLCD1,-0.20935504946796743,1.6077341882659044,0.8387575378417995,678.8655848072801
179,PLB1,1.7788679772350902,-0.6061296431890149,0.9999999237060546,41.11408168841051
180,PLAUR,-0.39547617744659536,4.558294594372736,0.477956364348323,131.3039659701646
181,PLA2G6,0.024419880925925994,3.5618899824122723,0.8262266235351592,153.07392977817443
182,PITPNC1,1.1796357516383424,-0.13817961028410336,0.9999999904632568,66.4668625635306
183,PITPNB,-0.2657254452761877,6.342644129549337,0.27160755764544076,107.13233096461035
184,PITHD1,-1.4868452369169094,7.030644043770144,0.10335937500000002,213.88472387953374
185,PIK3R2,0.5664445390600057,2.6178182431060795,0.8259731734022527,112.47747097527264
186,PIGA,0.17249829542935885,2.630792158559905,0.37085165405273535,291.7581367549596
187,PIAS3,-0.19195113173615838,0.575828314778192,0.6584741058349628,1518.8554583424996
188,PI4KA,0.44468343295760326,3.506581347065921,0.9999999237060546,28.446624571974297
189,PHYH,-0.06740570343898383,0.8341110531321467,0.7354636245131517,1410.856060214553
190,PHPT1,0.036823991013990566,5.895321638173531,0.02804587097167981,338.96374833469656
191,PGRMC2,0.11375194171431735,3.266650765519641,0.8035933760896352,158.0034237377111
192,PFKFB3,-0.11534765336805528,2.8989325018673777,0.6961095404329558,685.0428315143951
193,PECR,-0.005322536071297701,4.649744444659879,0.000156250000000194,127.89968667539739
194,PDE7A,0.48777403889092746,2.0816329366320687,0.5891202433258312,659.9102958557987
195,PDE4D,1.1202732165376759,-0.6830932824318691,0.8938606109619169,5116.123831935856
196,PDE4A,0.624662678794937,0.014749393368373904,0.8981441345214872,263.10695823544836
197,PAX9,0.5542668375786833,1.7917597579333733,0.4679170607239021,18.20032858937627
198,PATZ1,0.5321438879822382,0.9444428959327145,0.9999999904632568,345.2195708248924
199,PARVB,0.02870732186200202,3.3331753362738388,0.2556378444433218,885.7377276756283
200,PARP3,0.11340690840499373,1.4564124923360604,0.3136159820556648,1506.284978256268
201,PARP1,-0.11160111688315777,3.7615036529404513,0.1865493164062503,2227.573098856622
202,PALM2-AKAP2,-0.18362767472561511,0.8638597785873664,0.6376995544433615,6698.835178554004
203,OXSM,0.08894886688106199,1.2539510240500493,0.5443648681640643,1027.2126826951567
204,OXR1,0.12891488366247317,2.6072728873631306,0.47594356380701197,858.2543434276231
205,OTUD4,-0.3027877573085486,5.206077770050323,0.5171018829345718,66.99514887395249
206,OSBPL3,-0.7022960693832676,1.684508164589919,0.8687630697742134,1679.6078440281901
207,OLR1,-0.31299317841596647,0.42247464074008173,0.4052595381259929,191.13776362401842
208,NUTM2A-AS1,0.4267962325342943,4.9088724253550335,0.4199432559818041,303.951755830489
209,NUDT1,-0.7710923188572456,5.132683394968726,0.23035278320312547,528.6614288456773
210,NSMCE1,-0.006027061327456824,3.0923328424660843,0.2795674438476569,1471.4120940040452
211,NRSN2-AS1,-1.4848560916733122,3.8918173316138303,0.9999999237060546,39.408908503516095
212,NRN1,0.36082502805578137,1.1581685480168185,0.7506742782592798,115.06924726849323
213,NRDE2,-0.009340871044201917,3.5120689482110388,0.42790682983398554,227.93321773653884
214,NR2C2,0.27231575840095634,2.3905906854609773,0.7309749298095727,224.91070795446066
215,NPAS1,1.0922563095195403,-0.4281485644417639,0.6675081253051779,208.13484984726657
216,NOL4L,0.3519499419172102,-0.3308901340297693,0.7436047668457055,137.1710246557768
217,NOL3,0.1822495786862452,0.5206196674730916,0.6702871398925802,225.20398886913205
218,NEURL3,1.7852352056551228,-1.5158672741800858,0.7917154462292817,36.43260558972775
219,NDC80,-0.05399575501070654,2.2440210721781257,0.5795795575931713,327.9831902188562
220,NCAPD2,0.015318103086554576,1.1064221570049433,0.4698924102783216,586.0604913298655
221,NAGK,0.036002964863518686,3.986041452164742,0.098984375,625.8222208213707
222,MYO7B,-0.4987264341723135,0.3751663614678105,0.5260313838519171,302.19940522098534
223,MYEOV,0.7492183595505095,2.564972973349041,0.9999999237060546,44.00521309098919
224,MTSS1,0.21901363578396552,0.90173360146898,0.4940892736852184,2912.4848154624633
225,MTMR11,-0.5908356312446775,2.564916081432097,0.9999999618530273,18.805044429109103
226,MTA1,0.9564712688806362,1.8526625465027147,0.9311048658639223,216.51508791743294
227,MRPS2,-0.10688826371511861,5.361311379383153,0.000156250000000194,226.65905786984487
228,MPHOSPH6,0.32003746812931394,6.516924217714264,0.9999998474121093,38.54787718671193
229,MPEG1,0.01117852956398566,5.755638836533972,0.6934134475886842,61.73761993974369
230,MORN1,0.04735290495330127,3.0193772171887834,0.6653426403366052,118.90790679130207
231,MNDA,-0.3688132513588779,4.413614417249124,0.012804687500000156,438.7093333720178
232,MND1,-0.44394216252175167,5.117052917778563,0.5358107065017929,35.284174765463554
233,MIR9-3HG,-0.20594906054682685,0.4463417204537278,0.8052390747070339,306.07131805953696
234,MIR3681HG,1.1713018690111041,-0.5948752944014366,0.8095390708029296,473.49248388909444
235,MIR29B2CHG,0.6712664151534733,0.2640650741557144,0.8416711425781276,553.0859840740675
236,MINDY1,-0.2773532469486516,1.615457263827854,0.9999999904632568,298.41618072100374
237,MGP,-0.3448338409903507,1.098629691864824,0.9999999952316284,22.419758247956583
238,MGAT5,0.0551132109174907,-0.044210199496162436,0.4869298017025009,2284.5430645434944
239,MFSD12,0.41474442205662665,2.58657834018485,0.6236983261108417,165.42003122820137
240,MFSD11,-0.311194501502051,1.5566165258433158,0.383707275390626,2366.996469282114
241,MEI1,-0.6361779969310983,2.715554028935177,0.23290072631835984,1881.3156331722143
242,MED13L,-0.5588081722647039,0.9444462246279154,0.9999999618530273,43.16943449063096
243,MCC,-1.6691248414979367,4.23408611581968,0.9999999618530273,34.06100596570543
244,MCAM,0.38301177894346017,2.7080517742859636,0.9999996948242187,15.708199136087881
245,MATK,0.5926516854708579,4.350953253818548,0.11618444824218754,120.54617689782458
246,MAST4,0.05585211992520712,0.43071034039897493,0.8665230560302762,766.5657442583647
247,MAPK8IP3,-0.49814129126080686,6.092032516369243,0.9999999237060546,80.64126601565282
248,MAP4K5,1.675853684259882,5.038303436883548,0.2227646888494496,83.1196069272393
249,MAP2K2,0.19391334995189913,4.464203175080737,0.44327135756611946,145.1994851011873
250,MAN2C1,-0.4637415106058309,4.064710350976643,0.000156250000000194,215.44842739354965
251,MAGED1,-0.05699328771041264,0.8155870684039992,0.6592162170410176,3777.4493436966804
252,MAFF,0.6442638172516679,1.1234652110445018,0.8614641856670406,516.3933431091018
253,MAF,0.5111992341397877,1.8607574102186955,0.000156250000000194,166.13124026426095
254,MACROD2,2.61497713847225,1.09859412682614,0.9999999237060546,11.473691058285777
255,LYPLA2,0.41182768864313596,5.887108027127901,0.18196492509841947,195.54392749735314
256,LUZP1,0.21264940963097564,4.91385039262442,0.000156250000000194,77.71847062274736
257,LUCAT1,-0.4449031271302657,1.028112835103557,0.24150491333007862,166.80218781471817
258,LTF,3.462336242384545,-4.077530512372561,0.9999999904632568,42.02127866399273
259,LMBRD1,-0.0526993419745067,5.55390274813853,0.05333642578125009,513.0909457307547
260,LIPE-AS1,0.639951022107113,4.256654786482331,0.9999999618530273,72.24767195848746
261,LINC02235,-0.5108429595982966,0.5108168095465528,0.9999999618530273,24.44795549272325
262,LINC01962,-0.2411603581447143,1.4663157566754583,0.9999999904632568,137.70312682023172
263,LINC00299,-0.10835864514829761,4.633395583251316,0.1447479568600656,76.40909605561042
264,LINC00158,1.6758146496801618,2.4050827450548304,0.737850945876541,69.77775249017952
265,LIMS1,0.2799435124028416,0.01048083560150082,0.47245964422822134,5297.236112259525
266,LILRB2,0.15919842810304052,1.9611435084064759,0.02500747680664074,184.89495096777443
267,LGALS8,-0.128846228627591,3.7554862739203814,0.2590994873046881,449.5819486617058
268,LEF1,0.4287977612239252,3.5953106717188006,0.0691818237304688,326.33095265025366
269,LDHA,-0.24678741038494784,6.2882300825963515,0.17052707626270985,813.5205102894286
270,LCOR,-0.02812294841842168,3.0890376364859073,0.698372253417971,573.466508699656
271,LCN10,-2.0427627236620576,5.740480132263275,0.17501861572265653,143.85698975492093
272,L3MBTL1,-0.4086703938051587,3.4339631998490607,0.9999999618530273,58.291576616079524
273,KMT5C,-0.7932464880897672,5.3246575168660435,0.9999999237060546,68.8121058510282
274,KMT2A,0.14067627290629245,2.7801014843170258,0.7163199462890648,206.09727612297115
275,KLRK1,0.26228492892586014,3.688158815970857,0.101641845703125,1160.72922032319
276,KLHL22,-1.163841852000807,7.066459148131244,0.000156250000000194,41.89382352868978
277,KLHDC4,0.0874818947128455,3.5908129752838445,0.3814184875488291,383.9475667956138
278,KLF7,-0.2361188411372687,0.33966499829436664,0.5939155960083026,933.9912088269195
279,KLF13,-0.17370973398098136,1.960959799417067,0.8478940734863307,285.0014061224901
280,KLC1,0.7970840256601457,5.293812707452238,0.000156250000000194,104.41693469337025
281,KIFC2,-0.47430011700053276,2.089788018289673,0.9999999618530273,127.18401223538251
282,KIF23,-0.2721632933864602,2.2151769709314255,0.4232859049453037,221.38622746432043
283,KIF13B,-0.5106016260230601,3.6065413958590993,0.8508866577148464,365.3632406643851
284,KIAA0319L,0.21314661451391198,2.487218380826425,0.7594139099121118,690.0631088344114
285,KCTD2,0.8109447321445313,2.367095069979677,0.9999993896484375,18.63500386128044
286,KCNE3,0.9594404981138887,0.3018156975839098,0.6484915915057083,59.958576363587326
287,KATNBL1,0.2009873144339659,6.192490133956286,0.6136038665771504,74.28782882885474
288,KANK3,1.0436120428299913,2.3795469684943975,0.9999996948242187,30.44029996167756
289,JUP,0.7574730974329222,4.285284514933435,0.000156250000000194,96.03677533348525
290,JARID2,-0.013852985205625695,3.9718083433247005,0.6645051572584655,321.1881188203306
291,IVD,-0.4576928546048198,5.389100678348495,0.23447876453399707,205.31926694357253
292,ITK,0.3630955074326584,2.650390226796392,0.25753636169433647,1298.2579902021744
293,ITGB2,0.22073673293717783,5.323718990047688,0.03972774524688731,1143.4763444379319
294,ITGB1-DT,1.406098533364284,2.931221689474178,0.9999998474121093,26.517191242879658
295,ISLR,1.4381010849765186,-0.33948888459975457,0.31383335478603913,9.096620839105938
296,IRF8,0.15359373538001386,1.14003129307246,0.45936338806152477,417.4207128965025
297,IQSEC2,1.5353048644622147,1.9459430503195416,0.9999996948242187,18.03542255303493
298,IQSEC1,0.6776862940837045,-0.351630071586835,0.35523437500000093,2242.2211700202943
299,IQCJ-SCHIP1,-0.05974224111358911,-0.5108058008235453,0.07692307662963871,30.05487440105144
300,IL12RB1,-0.4720811254237409,1.5075920750631318,0.630858184814455,3262.4074725224614
301,IGFLR1,0.2314088033896316,3.1461842228424874,0.23202699773027607,4568.057049269223
302,IFT27,-1.7452316978464726,7.672997526640199,0.2646971963882452,64.01029273993086
303,IFI16,-0.15919426714544246,6.95420778245747,0.4589575038805618,191.5444617918287
304,HSD17B12,-0.3543304705463327,5.151332076186358,0.36861276245117286,308.5659388906545
305,HPS4,1.086213065627014,-0.5108430826407913,0.9999999237060546,21.627960850640036
306,HNRNPL,-0.04039074622560756,1.8550721317142673,0.45492407060265666,2525.789780961214
307,HNRNPF,-0.10598881264655066,0.5175509951648021,0.13221258544921888,13321.716284567909
308,HNRNPA1,-0.2472797853653078,8.769192181028327,0.015696180725097743,269.1061717716052
309,HLA-DPA1,-0.20595907271035174,4.770358709757662,0.012803065490722756,10747.359203480026
310,HEY2,-1.3303798778506402,3.36727179726892,0.9999999618530273,22.98095474486256
311,HELZ,-0.34621538413200037,3.1903452796605754,0.42835297476649403,753.7983631914976
312,HECW2,1.6237317001804783,0.5831364035186577,0.9999999809265137,162.39786188450051
313,HDLBP,-0.406071119947231,1.0955954538889867,0.6244751178085823,3646.9347146660743
314,HDAC6,0.1568417299232468,2.5161283639243286,0.08710937500000003,335.61496253109317
315,HDAC5,-0.3536042845150982,4.68474494104562,0.2925165631234652,174.01188506396048
316,HADHB,-0.3443360374883033,5.121682327624738,0.22805566406250044,426.69475314115397
317,GSX2,0.0,0.0,0.1,6.931471805599445
318,GRK2,0.03989644450435325,1.796049624223238,0.640119140625002,674.111975507027
319,GRB10,-1.337034607363905,1.5040975215380967,0.9999998474121093,21.767634807420567
320,GRAP,-0.15214166614680164,5.455376569936609,0.03970239257812511,315.3392956851836
321,GPR137,-0.46671605801521376,2.4958916476855215,0.49455400169491914,936.1827964088226
322,GPBP1L1,0.016448951341386277,1.4787202025691346,0.3482983093261728,870.0059932848206
323,GLT8D1,-1.03534148360976,6.887543661644417,0.9999999618530273,70.60522838347808
324,GIMAP5,-0.488713631700818,4.424199172586224,0.030067382812500133,1718.4438702757732
325,GAS7,-0.17060016662629207,1.315596590407464,0.7522489929199243,308.2050173617656
326,GAK,-0.12846590852558343,3.2964409589393937,0.4460597076416029,616.9660911146827
327,GABRP,1.7346300542014106,1.0985904130602713,0.9999999237060546,6.111405457826194
328,G3BP1,-0.6226148119648993,7.211920547577301,0.000156250000000194,126.95562416568168
329,FTSJ3,-0.7720401163875347,5.425540403182154,0.4707634277343763,135.32427840027066
330,FSBP,0.5215690306167607,2.3632336508751086,0.9999999618530273,66.39313947485668
331,FRMD4B,-1.7752259857039308,3.1328044309129024,0.9999999988079071,460.21970050872596
332,FRMD4A,0.3790390653140995,1.3023750916196786,0.8891351089477568,358.8832915254091
333,FNBP1,0.18691869357725416,2.7012926275395355,0.14872741699218767,2773.2499045509912
334,FLNA,0.1371717316456733,1.9151201000250202,0.4566561711609377,2309.2971573463506
335,FLI1,-0.27200443993638623,4.682167134548519,0.287745499706269,857.6499665225797
336,FKBP8,0.4225159317041475,4.4332166801429835,0.1701732594966891,1133.4558082171166
337,FGR,0.5244392489728689,-0.400627625510047,0.5224372881799952,2285.975501734568
338,FDFT1,0.03871466947970263,3.3037074742831463,0.2469736027358384,2729.7448040123177
339,FBXW8,-0.8342131596868791,3.5840144014017334,0.8045371780395534,171.32283686179298
340,FBXO27,-0.33646152829749176,0.9554957037794732,0.9999999809265137,49.481958840084914
341,FBXL20,-0.1027222064403815,2.511205245477176,0.6094826660156268,612.2312861125149
342,FBRSL1,-1.4563866615489318,2.251321233462172,0.9999996948242187,34.503742408754505
343,FBLN7,0.6545031186299006,2.9461834129884266,0.288138047790528,533.5729716283662
344,FAM83G,0.9222939803655501,2.815392319958266,0.9999998474121093,66.94457116699084
345,FAM72B,0.06178434045053402,0.30755275522919095,0.8726315658062724,305.78271506376495
346,FAM72A,-0.7775976152888102,3.675120061549168,0.18822518320083648,93.60171892480547
347,FAM53C,-0.16680121510161972,5.805098351462434,0.000156250000000194,89.93978366194074
348,FAM30A,0.005082070410656219,1.1765344276479404,0.6799945012983168,434.5061916228016
349,FAM157C,-2.453190550572505,4.53262734847475,0.9999999237060546,49.49080082722563
350,FAM13A,-0.08717255854439479,1.4907090374446985,0.8584381103515653,315.5690004302317
351,FAM117A,0.24641787585860173,0.3452722620905905,0.6703954772949239,1583.7658481199592
352,FAM111A,0.720390677338637,2.6260169347635154,0.9999999904632568,83.91251268857945
353,FAM107B,-0.9536766622955177,0.9811069386099197,0.7100842742919945,3317.269175092814
354,FAAP20,-0.7788779472326465,7.048389764224477,0.28077600959638954,162.7735108490038
355,EYA4,0.8472587752483256,1.0986366999204684,0.9999996948242187,5.263501945136955
356,EYA3,0.3592531782411068,4.136482459107709,0.6382563400268575,183.23929698175817
357,ETV5,-0.5859019257660039,5.111996303941513,0.000156250000000194,32.38651171429627
358,ETV2,-0.5487242264800014,3.6571084988225753,0.9999999618530273,72.37470647822981
359,ETFA,0.5269544322038009,3.4397260208775924,0.33276488907698387,1307.4908814455343
360,ESPN,0.1659536434759856,0.47003125656344413,0.9999999618530273,25.43248177321351
361,ERICH3,0.5596414454196339,-0.5596534348581194,0.9999999618530273,23.845831916213786
362,ERCC1,0.07430598052168493,4.361793309535727,0.09024938964843751,683.782158512077
363,ERC1,-0.7161389123375914,3.898864830949083,0.924462387084964,189.5357181328651
364,ERAP2,-0.08775407979904518,3.090232177059786,0.2299682922363286,1277.2165687347624
365,EIPR1,-0.2637652240269613,7.483792237414962,0.9999996948242187,24.924835400455752
366,EIF5,-0.045643423908134494,4.52114196898718,0.15907618325940354,1612.5838517423524
367,EIF3B,0.024215388397087898,2.9895109957336112,0.3728651083588611,278.54884935756223
368,EIF1,0.022436203134297235,5.5602676794620844,0.011123266601562577,6440.913951106773
369,EDEM1,-0.16619910554151715,2.7896206598717432,0.6004800717830676,257.3066962660972
370,EDARADD,0.4837205163416053,-0.3192823588936021,0.7236451850831533,607.2395137399384
371,ECE1,-0.24711229193854106,1.0892915217782275,0.28984375000000073,2361.8998320566075
372,DUT,-0.46346952800031266,2.5093758848983807,0.6370185089111348,6548.0646657392135
373,DUSP5,0.5091385239020771,3.53438058630596,0.5895385437011738,142.78011526825404
374,DUSP16,0.12503293896804568,-0.047390885854060635,0.40705043377876393,1085.6949686607475
375,DUS2,-0.6023290762647906,4.038033203130506,0.9999999809265137,119.90822394102997
376,DSE,0.7102919159797295,-0.07935691889654001,0.7416776469945932,1414.4212224706428
377,DRAIC,-5.856396082842409,2.4223850763474455,0.9999998474121093,42.57027858358152
378,DPYSL3,-0.47001433581173,0.6931291624725411,0.000156250000000194,6.706214858586808
379,DPF1,-0.916330902176618,0.40550379118451785,0.10750000000000001,8.65756424121003
380,DPEP2,-0.2357140181658477,2.871685266053592,0.4958139648437515,581.168036490387
381,DPAGT1,-0.5707098733784071,4.278938621042841,0.3734734941959392,388.3656517059881
382,DOK1,-0.5664456182535855,4.98446628632725,0.09781414794921878,377.6690477035427
383,DNASE1L3,0.1003848900589158,0.250221462482753,0.9430610779707231,262.9543572422689
384,DNAJC17,1.9741063800857437,-1.0986271663735987,0.10508203125000003,14.797238646639308
385,DNAAF5,-2.321857946888384,3.8859119061102243,0.6387771301269549,56.68044932367818
386,DIXDC1,0.16278438485611219,0.11069786869208538,0.9199218750000029,196.65617182420536
387,DERL1,-1.2066179574168452,8.546077385505738,0.000156250000000194,55.309523863392485
388,DBNDD1,1.0219448251684637,-0.8062278402172589,0.5233708190917983,447.39482904536294
389,CYTOR,2.087720275923458,1.098619668389794,0.9999999237060546,36.77905884380294
390,CYHR1,-0.0009933353644400497,2.574840112861226,0.5497815285980721,671.469923749791
391,CYB5R2,-0.07216047486678104,1.1638044954890754,0.5803125000000018,275.01610439658043
392,CXXC1,-0.061369882649883495,4.576388905011944,0.08294311523437504,412.2123922033901
393,CXCR2,0.7692183353760369,-0.3428193216668478,0.25102331066131645,31.918253005793876
394,CTSH,-0.6977843127574264,6.908243628690862,0.006416015625000164,378.8336177567575
395,CTNND1,-0.49392157380748536,3.09542575583657,0.3398983459472665,225.23311880672884
396,CTNNBIP1,-0.15165439207935738,6.382602362752555,0.000156250000000194,41.21150653208696
397,CTDSP1,0.4688106298863083,3.8446975461142068,0.3596853496313105,332.09259713679734
398,CRTC3,0.12941488281060343,3.306772995469696,0.35416220689416017,746.0960010078207
399,CPVL,1.129828982422142,2.8470955997682275,0.9587692407930775,84.48892778855691
400,CPAMD8,0.6568092906883649,0.6931131713320577,0.9999998474121093,24.925461514854675
401,COL1A1,-1.7909796123423591,0.6367831063510921,0.47838900807662676,13.442183866184138
402,CNOT8,-0.40095193002493773,4.484613783422317,0.20834716193676034,593.8148673011027
403,CNIH2,-0.1779640582741904,1.1896041946982296,0.9999999237060546,24.996911070669956
404,CMC2,-0.9934955806678731,3.1563391164373895,0.4244515228271496,274.54024560869806
405,CMC1,0.08320495883543103,0.5294875845649196,0.6786282678812763,7781.562099764267
406,CLN3,-0.3257301787988229,2.1200669933724496,0.8056220626831081,367.4445568861609
407,CLIP4,-0.41451902575266764,4.551864755238159,0.7824525070190456,96.54042401153231
408,CKB,0.28160653659092116,0.06507665731500537,0.6181553960835766,200.4584233644746
409,CHPF,0.25716944628602223,3.909119937738973,0.08800930805206303,286.0757026767684
410,CHEK2,-0.3641793647800938,2.7513498363199593,0.643682980388405,364.1220434539478
411,CHAF1A,-0.44542936987238707,2.5122918959406397,0.9999999237060546,41.93178421373793
412,CENPT,-0.024217213967690686,3.0982762168489977,0.26510517883300844,875.657719020499
413,CDH1,2.119219918212866,0.5303949313877347,0.3784116821289073,313.0796179456252
414,CD99,-0.03080478482038109,5.320019018674657,0.055342138671875075,1923.0178414708887
415,CD244,-0.9574990529615216,2.628724108838631,0.42701746759414794,630.8102634205118
416,CCL20,0.24025849134327126,0.27763527601953053,0.7781759132546386,613.2137731704805
417,CCDC28B,0.5181600073838681,0.7852782972976198,0.40877464294433713,881.405675193204
418,CCDC112,-0.18528562464054277,1.5617579912879012,0.099453125,709.6048480069747
419,CBFA2T3,-0.008044591269185327,2.042648413858556,0.31095809152722437,622.6553276903472
420,CATSPERG,-0.3478736762432312,2.154688924714462,0.9999999904632568,140.51647902783913
421,CASP9,-0.1433484676400388,3.8262022413682093,0.6922017815038584,220.08971632256862
422,CASP7,1.083995982745522,5.132102666580809,0.9999999237060546,77.94891075184401
423,CAPS2,0.10274156365505133,3.666877972050031,0.6803040240570923,80.99851476794922
424,CAPNS1,-0.11358970254460259,3.4495081352998813,0.47419586977958816,441.12406943284935
425,CALCOCO2,0.21890779630134047,4.2914485153526645,0.0914974365234375,831.9875155082755
426,CABIN1,0.15122590499451438,1.0597820997032406,0.34741439819336023,3883.844636285825
427,CA11,-0.7449317655196128,2.4963019282277594,0.6679421081542989,271.5326208290118
428,C9orf43,0.259139238035448,0.7652206702702488,0.11573937988281255,111.15732392136908
429,C2orf92,-0.8951516369985557,2.736360494390907,0.6223420410156268,118.41213739923774
430,C21orf58,-2.0045677033702822,5.321402919135217,0.5300103545384571,54.07704520601415
431,C20orf27,-0.1414507742902782,4.869245758418605,0.2758351340055472,321.6111441174269
432,C1orf112,0.4209698390717056,1.466510805694592,0.9439483413696317,341.5755197878685
433,C1orf109,-0.6983958570578442,1.9927540168179068,0.5711380451440827,1112.4255076126112
434,C17orf99,-0.7884263556665421,1.0115834920841218,0.9999999618530273,21.064036037345154
435,C11orf21,-0.033043609369888774,2.7278680826246893,0.5819099807739276,380.03433754157504
436,BUB1B,0.08700939892226464,1.1776883492508756,0.804117500826719,204.5698072746597
437,BTBD19,-0.9502344653343153,1.4174678487631374,0.7702450256347682,101.05685308083827
438,BTBD11,-0.1562654862466911,0.6168059502992826,0.20867230110168494,89.35699951964256
439,BRPF3,0.7339966788144108,0.6931071617856033,0.000156250000000194,52.68366782614811
440,BLOC1S2,-0.2985812848178533,4.802775132664281,0.09804687500000002,852.7933466329843
441,BICRA,0.5438881980256616,2.276790614760168,0.7345837097167991,137.60679590540929
442,BCL2L13,0.0928053973787349,1.3638845907552264,0.8050843505859402,264.20708908855346
443,BCL10,-0.8940793110100809,5.9878280617756285,0.000156250000000194,230.994349554965
444,BBS9,-0.5999149390449441,4.92521611342889,0.7051785736084007,83.59328086905927
445,BBC3,-0.13443684318369506,4.482939163972519,0.000156250000000194,86.86713077534694
446,BAZ2A,0.2786853120364881,0.8655136368997438,0.23635638427734423,3262.105221680517
447,AXIN2,0.12518712505838991,0.2231303959148776,0.10368750000000002,32.033380802744716
448,AUTS2,-0.5424758069023947,2.6507380599298047,0.9219419990941911,453.4312804353098
449,ATP2A1,-1.0787746997824323,3.401169608343835,0.9999998474121093,21.26707979536163
450,ATAD2,-0.4443198135754183,4.497475692668518,0.6560773649185916,190.88431176825645
451,ASMTL,-0.16129298286076657,2.260901922977874,0.33967687917947864,1643.8199747729293
452,ASCC1,-0.4462914285790503,2.5768964610616756,0.4342918701171887,1390.0159439077188
453,ASAH1,-0.3336371522797154,4.228783902048831,0.18053805541992213,1061.6891789392203
454,ARRB2,-0.3483127939221775,4.2803862454922506,0.5344518280029313,98.14422512877596
455,ARID4A,-0.22527039021123024,2.3321117588064215,0.9999999618530273,90.76775160314219
456,ARHGEF37,0.6943654076238661,3.255681960633776,0.9999999809265137,147.74929073347866
457,ARHGEF2,1.4955232108389551,-0.6931748650477974,0.9999998474121093,27.895745850908423
458,ARHGEF1,0.41306445918726153,2.3979666994205937,0.10054687500000001,5692.843019857408
459,ARHGDIB,0.2981550458320705,2.531913744917205,0.4333724060297024,188.3355598859374
460,ARHGAP9,-0.8305532952581083,4.353485108327435,0.7798401922211078,923.466974695399
461,ARHGAP26,2.0030889702165604,1.0453647266701847,0.9999999904632568,148.02174352790433
462,ARHGAP25,0.1860053042214929,0.18575593224573334,0.2914489135742194,9101.02279656677
463,ARHGAP15,-0.2721398211561068,2.88492303685364,0.514302020439507,5349.116201709065
464,ARAP1,0.3112139071339256,0.3356381989092315,0.707922630310061,1121.5659900073274
465,APBB2,-1.0605323869007588,2.140087786592719,0.9999999904632568,150.31194716600882
466,AP4S1,-0.033547256269301926,2.9221245002781293,0.6528784942626974,276.5945665096083
467,AP3D1,-0.9434123705416484,4.231172704262441,0.9999999237060546,125.23463108727461
468,AP000787.1,0.44657359908495636,0.10499490379378346,0.7682687377929713,927.0910298349576
469,ANP32E,-0.4035897510990213,4.554605674207247,0.08046569824218755,742.1979224596549
470,ANKRD13D,-0.10021775835590215,3.024168370746323,0.6081537266798336,592.5911715525026
471,ANK1,-0.7208733919572641,2.556697637592821,0.9188212432861357,306.9937005920938
472,ALG8,-0.10540542970777558,4.443717214982252,0.1794568176269534,314.045919386058
473,AL645728.1,-0.5345052227054972,4.238947727970402,0.5289197158813492,108.07049177949553
474,AL158801.2,0.03278366729157392,0.6931303957312152,0.9999999809265137,44.31948797966117
475,AK5,2.6625638581050355,1.098622059508298,0.9999999809265137,45.53492716674436
476,AHNAK,-0.5889375877855263,5.976964977147203,0.36561609996519145,196.25016048562824
477,AHCYL2,1.596572144440534,1.4444019180491705,0.745587455749514,215.44715643910433
478,AHCTF1,0.0274585339651662,4.146064070162111,0.4520214843750012,135.05217821193753
479,AFF1,-0.14124642387264003,0.6301458701656716,0.5272084350585953,2054.9979675165414
480,ADGRE2,0.4879516132792482,2.9470563748444922,0.11272247314453127,53.066811816658316
481,ADD3,-0.19790887408740934,2.2704381530005673,0.27948889160156315,2726.079539392508
482,ADARB2,0.4280305502162887,2.5647828461789848,0.7932731094360379,154.28630999252692
483,ADAM10,-0.5012461372030794,5.683498214521791,0.46198273047208915,172.25052469185513
484,ACTG1,0.08972181856881223,8.540359551157266,0.004207214355468811,705.2726238926866
485,ACOT9,0.5141165277040989,4.4601507644330045,0.9999999809265137,160.2106677029581
486,ACOT7,0.5221972069377212,1.0180063510682718,0.8299746704101589,899.6975001499844
487,ACAP3,-0.8289355708665445,4.836265930153805,0.9999998474121093,46.79506591924434
488,AC135048.3,-0.27331414176568125,0.5390066504642098,0.9999999237060546,61.2813626061543
489,AC130343.2,-0.11368745941545824,1.5869886212298951,0.9999999618530273,52.52631907051658
490,AC104461.1,0.7464227355125709,1.1631294101453749,0.9999998474121093,23.447192663370373
491,AC096564.1,0.049502809076958004,-0.09533203526595507,0.9999999904632568,148.8970156199208
492,AC093330.1,0.2179199365295848,-0.09530687438339638,0.9999999618530273,48.404589970746095
493,AC092164.1,-0.7951808246434418,3.1658401499761633,0.7535740570530318,133.56852393474344
494,AC025580.2,0.15418751363358132,3.044482029436737,0.000156250000000194,11.119638517626644
495,AC012368.1,-0.8675479260706578,1.432347511200526,0.686953125000002,865.14819348053
496,AC012236.1,-0.2093040913244947,1.6114436258551441,0.2701630769670015,1096.834513995062
497,AC004540.1,0.497533314142713,2.25133331817718,0.9999999237060546,43.450357066330966
498,ABL1,0.11189219919148344,3.71276371211517,0.43575805664062617,110.81328931252727
499,AAAS,-0.9262360229919457,6.263383239911067,0.9999999618530273,97.86751004733152
